Type,Name,Request Count,Failure Count,Median Response Time,Average Response Time,Min Response Time,Max Response Time,Average Content Size,Requests/s,Failures/s,50%,66%,75%,80%,90%,95%,98%,99%,99.9%,99.99%,100%
POST,/api/translate/chinese,9,0,2200.0,2154.877747110327,409.76808499908657,3730.889358997956,52.55555555555556,2.3899118159487225,0.0,2200,2600,3000,3400,3700,3700,3700,3700,3700,3700,3700
,Aggregated,9,0,2200.0,2154.877747110327,409.76808499908657,3730.889358997956,52.55555555555556,2.3899118159487225,0.0,2200,2600,3000,3400,3700,3700,3700,3700,3700,3700,3700
